[
  {
    "id": "name",
    "label": "Full Name",
    "type": "text",
    "placeholder": "Enter your full name",
    "required": true
  },
  {
    "id": "email",
    "label": "Email Address",
    "type": "email",
    "placeholder": "Enter your email",
    "required": true
  },
  {
    "id": "phone",
    "label": "Phone Number",
    "type": "tel",
    "placeholder": "Enter your phone number",
    "required": false
  },
  {
    "id": "gender",
    "label": "Gender",
    "type": "radio",
    "options": [
      { "label": "Male", "value": "male" },
      { "label": "Female", "value": "female" },
      { "label": "Other", "value": "other" }
    ],
    "required": true
  },
  {
    "id": "dob",
    "label": "Date of Birth",
    "type": "date",
    "required": true
  },
  {
    "id": "country",
    "label": "Country",
    "type": "select",
    "options": [
      { "label": "United States", "value": "us" },
      { "label": "India", "value": "in" },
      { "label": "Canada", "value": "ca" },
      { "label": "United Kingdom", "value": "uk" }
    ],
    "required": true
  },
  {
    "id": "address",
    "label": "Address",
    "type": "textarea",
    "placeholder": "Enter your full address",
    "required": false
  },
  {
    "id": "resume",
    "label": "Upload Resume",
    "type": "file",
    "accept": ".pdf,.jpg,.png",
    "required": true
  },
  {
    "id": "skills",
    "label": "Select Your Skills",
    "type": "checkbox-group",
    "options": [
      { "label": "JavaScript", "value": "javascript" },
      { "label": "Python", "value": "python" },
      { "label": "Java", "value": "java" },
      { "label": "React", "value": "react" }
    ],
    "required": true
  },
  {
    "id": "company",
    "label": "Company Name",
    "type": "text",
    "placeholder": "Enter your company name (if applicable)",
    "required": false
  },
  {
    "id": "linkedin",
    "label": "LinkedIn Profile",
    "type": "url",
    "placeholder": "Enter your LinkedIn profile URL",
    "required": false
  },
  {
    "id": "github",
    "label": "GitHub Profile",
    "type": "url",
    "placeholder": "Enter your GitHub profile URL",
    "required": false
  },
  {
    "id": "experience",
    "label": "Years of Experience",
    "type": "number",
    "placeholder": "Enter your years of experience",
    "required": false
  },
  {
    "id": "job_role",
    "label": "Preferred Job Role",
    "type": "select",
    "options": [
      { "label": "Frontend Developer", "value": "frontend" },
      { "label": "Backend Developer", "value": "backend" },
      { "label": "Full Stack Developer", "value": "fullstack" },
      { "label": "UI/UX Designer", "value": "uiux" }
    ],
    "required": true
  },
  {
    "id": "portfolio",
    "label": "Portfolio Website",
    "type": "url",
    "placeholder": "Enter your portfolio website URL",
    "required": false
  },
  {
    "id": "cover_letter",
    "label": "Upload Cover Letter",
    "type": "file",
    "accept": ".pdf,.doc,.docx",
    "required": false
  },
  {
    "id": "contact_method",
    "label": "Preferred Contact Method",
    "type": "radio",
    "options": [
      { "label": "Email", "value": "email" },
      { "label": "Phone", "value": "phone" },
      { "label": "WhatsApp", "value": "whatsapp" }
    ],
    "required": true
  },
  {
    "id": "languages",
    "label": "Languages Spoken",
    "type": "checkbox-group",
    "options": [
      { "label": "English", "value": "english" },
      { "label": "Hindi", "value": "hindi" },
      { "label": "Spanish", "value": "spanish" },
      { "label": "French", "value": "french" }
    ],
    "required": false
  },
  {
    "id": "expected_salary",
    "label": "Expected Salary",
    "type": "number",
    "placeholder": "Enter your expected salary in USD",
    "required": false
  },
  {
    "id": "terms",
    "label": "Accept Terms & Conditions",
    "type": "checkbox",
    "required": true
  }
]
